{"cameraMode":{"drawMode":0,"name":"Shaded","section":"Shading Mode"},"sceneLighting":true,"audioPlay":false,"sceneViewState":{"showFog":true,"showMaterialUpdate":true,"showSkybox":true,"showFlares":true,"showImageEffects":true,"showParticleSystems":true},"in2DMode":false,"pivot":{"x":2.962717294692993,"y":11.105539321899414,"z":-10.614093780517579},"rotation":{"x":0.240097314119339,"y":-0.2409956455230713,"z":0.061664339154958728,"w":0.9383346438407898},"size":2.0065033435821535,"orthographic":false}